v_A,dk_min,N_P,WoverNP,seed,status,obj,sv,hr,rr,n_hit,n_K,n_exp,n_P,weapon_bind,sec
300,3,6,1.333,42,Optimal,16055.0,9.0,0.0417,1.0,1,24,24,24,0.0,2.5
300,3,6,1.333,99,Optimal,16935.0,99.0,0.7083,1.0,17,24,24,24,0.0,1.6
300,3,6,1.333,314,Optimal,17326.0,64.0,0.5,1.0,12,24,24,24,0.0,3.3
300,9,6,1.333,42,Optimal,16187.0,141.0,1.0,1.0,24,24,24,24,0.0,0.4
300,9,6,1.333,99,Optimal,16973.0,137.0,1.0,1.0,24,24,24,24,0.0,0.5
300,9,6,1.333,314,Optimal,17398.0,136.0,1.0,1.0,24,24,24,24,0.0,0.6
1110,3,6,1.333,42,Optimal,16187.0,141.0,1.0,1.0,24,24,24,24,0.0,0.5
1110,3,6,1.333,99,Optimal,16973.0,137.0,1.0,1.0,24,24,24,24,0.0,0.4
1110,3,6,1.333,314,Optimal,17398.0,136.0,1.0,1.0,24,24,24,24,0.0,0.4
1110,9,6,1.333,42,Optimal,16187.0,141.0,1.0,1.0,24,24,24,24,0.0,0.5
1110,9,6,1.333,99,Optimal,16973.0,137.0,1.0,1.0,24,24,24,24,0.0,0.4
1110,9,6,1.333,314,Optimal,17398.0,136.0,1.0,1.0,24,24,24,24,0.0,0.4
300,9,10,0.8,42,Optimal,44166.0,187.0,0.8,1.0,32,40,40,40,1.0,1.8
300,9,10,0.8,99,Optimal,47668.0,208.0,0.8,1.0,32,40,40,40,1.0,1.9
300,9,10,0.8,314,Optimal,47721.0,201.0,0.8,1.0,32,40,40,40,1.0,1.7
1110,3,10,0.8,42,Optimal,44166.0,187.0,0.8,1.0,32,40,40,40,1.0,1.8
1110,3,10,0.8,99,Optimal,47668.0,208.0,0.8,1.0,32,40,40,40,1.0,1.6
1110,3,10,0.8,314,Optimal,47721.0,201.0,0.8,1.0,32,40,40,40,1.0,1.8
1110,9,10,0.8,42,Optimal,44166.0,187.0,0.8,1.0,32,40,40,40,1.0,2.0
1110,9,10,0.8,99,Optimal,47668.0,208.0,0.8,1.0,32,40,40,40,1.0,1.6
1110,9,10,0.8,314,Optimal,47721.0,201.0,0.8,1.0,32,40,40,40,1.0,1.9
300,9,12,0.667,42,Optimal,59289.0,194.0,0.6667,1.0,32,48,48,48,1.0,3.0
300,9,12,0.667,99,Optimal,66520.0,220.0,0.6667,1.0,32,48,48,48,1.0,2.8
300,9,12,0.667,314,Optimal,71281.0,217.0,0.6667,1.0,32,48,48,48,1.0,3.1
1110,3,12,0.667,42,Optimal,59289.0,194.0,0.6667,1.0,32,48,48,48,1.0,3.6
1110,3,12,0.667,99,Optimal,66520.0,220.0,0.6667,1.0,32,48,48,48,1.0,2.9
1110,3,12,0.667,314,Optimal,71281.0,217.0,0.6667,1.0,32,48,48,48,1.0,3.1
1110,9,12,0.667,42,Optimal,59289.0,194.0,0.6667,1.0,32,48,48,48,1.0,3.1
1110,9,12,0.667,99,Optimal,66520.0,220.0,0.6667,1.0,32,48,48,48,1.0,3.1
1110,9,12,0.667,314,Optimal,71281.0,217.0,0.6667,1.0,32,48,48,48,1.0,2.4
300,3,10,0.8,42,Optimal,44075.0,96.0,0.4,1.0,16,40,40,40,0.5,41.8
300,3,10,0.8,99,Optimal,47503.0,43.0,0.2,1.0,8,40,40,40,0.25,44.7
300,3,10,0.8,314,Not Solved,0.0,0,0.0,0.0,0,40,0,40,0.0,90.8
300,3,10,0.8,314,Not Solved,0.0,0,0.0,0.0,0,40,0,40,0.0,151.0
300,3,12,0.667,42,Optimal,59235.0,140.0,0.5,1.0,24,48,48,48,0.75,51.3
300,3,12,0.667,99,Not Solved,0.0,0,0.0,0.0,0,48,0,48,0.0,76.1
300,3,12,0.667,314,Not Solved,0.0,0,0.0,0.0,0,48,0,48,0.0,76.2
300,3,12,0.667,99,Feasible,66449.0,149.0,0.4583,1.0,22,48,48,48,0.5,221.1
1110,3,6,1.333,7,Optimal,16271.0,143.0,1.0,1.0,24,24,24,24,0.0,0.7
1110,3,6,1.333,21,Optimal,18374.0,124.0,1.0,1.0,24,24,24,24,0.0,0.6
1110,3,6,1.333,137,Optimal,15819.0,139.0,1.0,1.0,24,24,24,24,0.0,0.7
1110,3,10,0.8,7,Optimal,42124.0,199.0,0.8,1.0,32,40,40,40,1.0,2.5
1110,3,10,0.8,21,Optimal,58503.0,223.0,0.8,1.0,32,40,40,40,1.0,1.9
1110,3,10,0.8,137,Optimal,46516.0,208.0,0.8,1.0,32,40,40,40,1.0,2.4
1110,3,12,0.667,7,Optimal,60966.0,216.0,0.6667,1.0,32,48,48,48,1.0,2.2
1110,3,12,0.667,21,Optimal,82594.0,250.0,0.6667,1.0,32,48,48,48,1.0,3.6
1110,3,12,0.667,137,Optimal,69237.0,237.0,0.6667,1.0,32,48,48,48,1.0,5.0
1110,9,6,1.333,7,Optimal,16271.0,143.0,1.0,1.0,24,24,24,24,0.0,0.7
1110,9,6,1.333,21,Optimal,18374.0,124.0,1.0,1.0,24,24,24,24,0.0,0.5
1110,9,6,1.333,137,Optimal,15819.0,139.0,1.0,1.0,24,24,24,24,0.0,0.7
1110,9,10,0.8,7,Optimal,42124.0,199.0,0.8,1.0,32,40,40,40,1.0,2.5
1110,9,10,0.8,21,Optimal,58503.0,223.0,0.8,1.0,32,40,40,40,1.0,2.1
1110,9,10,0.8,137,Optimal,46516.0,208.0,0.8,1.0,32,40,40,40,1.0,2.5
1110,9,12,0.667,7,Optimal,60966.0,216.0,0.6667,1.0,32,48,48,48,1.0,2.3
1110,9,12,0.667,21,Optimal,82594.0,250.0,0.6667,1.0,32,48,48,48,1.0,3.5
1110,9,12,0.667,137,Optimal,69237.0,237.0,0.6667,1.0,32,48,48,48,1.0,3.9
300,9,6,1.333,7,Optimal,16271.0,143.0,1.0,1.0,24,24,24,24,0.0,0.6
300,9,6,1.333,21,Optimal,18374.0,124.0,1.0,1.0,24,24,24,24,0.0,0.5
300,9,6,1.333,137,Optimal,15819.0,139.0,1.0,1.0,24,24,24,24,0.0,0.5
300,9,10,0.8,7,Optimal,42124.0,199.0,0.8,1.0,32,40,40,40,1.0,2.2
300,9,10,0.8,21,Optimal,58503.0,223.0,0.8,1.0,32,40,40,40,1.0,1.8
300,9,10,0.8,137,Optimal,46516.0,208.0,0.8,1.0,32,40,40,40,1.0,2.8
300,9,12,0.667,7,Optimal,60966.0,216.0,0.6667,1.0,32,48,48,48,1.0,3.8
300,9,12,0.667,21,Optimal,82594.0,250.0,0.6667,1.0,32,48,48,48,1.0,3.6
300,9,12,0.667,137,Optimal,69237.0,237.0,0.6667,1.0,32,48,48,48,1.0,3.2
300,3,6,1.333,7,Optimal,16149.0,21.0,0.2083,1.0,5,24,24,24,0.0,6.2
300,3,6,1.333,21,Optimal,18287.0,37.0,0.25,1.0,6,24,24,24,0.0,3.8
300,3,6,1.333,137,Optimal,15776.0,96.0,0.7083,1.0,17,24,24,24,0.0,3.4
600,6,10,0.8,42,Optimal,44166.0,187.0,0.8,1.0,32,40,40,40,1.0,2.7
600,6,10,0.8,99,Optimal,47668.0,208.0,0.8,1.0,32,40,40,40,1.0,2.8
600,6,10,0.8,314,Optimal,47721.0,201.0,0.8,1.0,32,40,40,40,1.0,2.4
600,6,10,0.8,7,Optimal,42124.0,199.0,0.8,1.0,32,40,40,40,1.0,1.9
600,6,10,0.8,21,Optimal,58503.0,223.0,0.8,1.0,32,40,40,40,1.0,1.8
600,6,10,0.8,137,Optimal,46516.0,208.0,0.8,1.0,32,40,40,40,1.0,2.0
300,3,10,0.8,21,Optimal,58396.0,116.0,0.45,1.0,18,40,40,40,0.5,54.4
