exp,v_A,dk_min,N_P,WoverNP,seed,ptype,status,proven,max_gap,obj,sv,hr,rr,n_hit,n_K,n_exp,n_P,weapon_bind,sec
I,300,9,4,2.0,42,factorial,Optimal,True,0.0,,94.0,1.0,1.0,16,16,16,16,0.5,0.3
I,300,9,4,2.0,99,factorial,Optimal,True,0.0,,75.0,1.0,1.0,16,16,16,16,0.5,0.1
I,300,9,4,2.0,314,factorial,Optimal,True,0.0,,85.0,1.0,1.0,16,16,16,16,0.5,0.1
I,300,9,4,2.0,7,factorial,Optimal,True,0.0,,97.0,1.0,1.0,16,16,16,16,0.5,0.2
I,300,9,4,2.0,21,factorial,Optimal,True,0.0,,99.0,1.0,1.0,16,16,16,16,0.5,0.2
I,300,9,4,2.0,137,factorial,Optimal,True,0.0,,82.0,1.0,1.0,16,16,16,16,0.5,0.2
I,1110,3,4,2.0,42,factorial,Optimal,True,0.0,,94.0,1.0,1.0,16,16,16,16,0.5,0.6
I,1110,3,4,2.0,99,factorial,Optimal,True,0.0,,75.0,1.0,1.0,16,16,16,16,0.5,0.3
I,1110,3,4,2.0,314,factorial,Optimal,True,0.0,,85.0,1.0,1.0,16,16,16,16,0.5,0.3
I,1110,3,4,2.0,7,factorial,Optimal,True,0.0,,97.0,1.0,1.0,16,16,16,16,0.5,0.4
I,1110,3,4,2.0,21,factorial,Optimal,True,0.0,,99.0,1.0,1.0,16,16,16,16,0.5,0.3
I,1110,3,4,2.0,137,factorial,Optimal,True,0.0,,82.0,1.0,1.0,16,16,16,16,0.5,0.5
I,1110,9,4,2.0,42,factorial,Optimal,True,0.0,,94.0,1.0,1.0,16,16,16,16,0.5,0.2
I,1110,9,4,2.0,99,factorial,Optimal,True,0.0,,75.0,1.0,1.0,16,16,16,16,0.5,0.1
I,1110,9,4,2.0,314,factorial,Optimal,True,0.0,,85.0,1.0,1.0,16,16,16,16,0.5,0.1
I,1110,9,4,2.0,7,factorial,Optimal,True,0.0,,97.0,1.0,1.0,16,16,16,16,0.5,0.1
I,1110,9,4,2.0,21,factorial,Optimal,True,0.0,,99.0,1.0,1.0,16,16,16,16,0.5,0.1
I,1110,9,4,2.0,137,factorial,Optimal,True,0.0,,82.0,1.0,1.0,16,16,16,16,0.5,0.1
I,600,6,6,1.3333,42,center,Optimal,True,0.0,,141.0,1.0,1.0,24,24,24,24,0.75,1.1
I,600,6,6,1.3333,99,center,Optimal,True,0.0,,137.0,1.0,1.0,24,24,24,24,0.75,1.9
I,600,6,6,1.3333,314,center,Optimal,True,0.0,,136.0,1.0,1.0,24,24,24,24,0.75,1.2
I,600,6,6,1.3333,7,center,Optimal,True,0.0,,143.0,1.0,1.0,24,24,24,24,0.75,1.0
I,600,6,6,1.3333,21,center,Optimal,True,0.0,,124.0,1.0,1.0,24,24,24,24,0.75,1.2
I,600,6,6,1.3333,137,center,Optimal,True,0.0,,139.0,1.0,1.0,24,24,24,24,0.75,1.6
I,300,9,8,1.0,42,factorial,Optimal,True,0.0,,163.0,1.0,1.0,32,32,32,32,1.0,4.5
I,300,9,8,1.0,99,factorial,Optimal,True,0.0,,191.0,1.0,1.0,32,32,32,32,1.0,5.7
I,300,9,8,1.0,314,factorial,Optimal,True,0.0,,191.0,1.0,1.0,32,32,32,32,1.0,4.4
I,300,9,8,1.0,7,factorial,Optimal,True,0.0,,165.0,1.0,1.0,32,32,32,32,1.0,4.7
I,300,9,8,1.0,21,factorial,Optimal,True,0.0,,179.0,1.0,1.0,32,32,32,32,1.0,4.4
I,300,9,8,1.0,137,factorial,Optimal,True,0.0,,175.0,1.0,1.0,32,32,32,32,1.0,4.8
I,1110,3,8,1.0,42,factorial,Optimal,True,0.0,,163.0,1.0,1.0,32,32,32,32,1.0,13.0
I,1110,3,8,1.0,99,factorial,Optimal,True,0.0,,191.0,1.0,1.0,32,32,32,32,1.0,12.5
I,1110,3,8,1.0,314,factorial,Optimal,True,0.0,,191.0,1.0,1.0,32,32,32,32,1.0,5.9
I,1110,3,8,1.0,7,factorial,Optimal,True,0.0,,165.0,1.0,1.0,32,32,32,32,1.0,5.6
I,1110,3,8,1.0,21,factorial,Optimal,True,0.0,,179.0,1.0,1.0,32,32,32,32,1.0,8.3
I,1110,3,8,1.0,137,factorial,Optimal,True,0.0,,175.0,1.0,1.0,32,32,32,32,1.0,18.4
I,1110,9,8,1.0,42,factorial,Optimal,True,0.0,,163.0,1.0,1.0,32,32,32,32,1.0,4.3
I,1110,9,8,1.0,99,factorial,Optimal,True,0.0,,191.0,1.0,1.0,32,32,32,32,1.0,4.2
I,1110,9,8,1.0,314,factorial,Optimal,True,0.0,,191.0,1.0,1.0,32,32,32,32,1.0,3.2
I,1110,9,8,1.0,7,factorial,Optimal,True,0.0,,165.0,1.0,1.0,32,32,32,32,1.0,4.2
I,1110,9,8,1.0,21,factorial,Optimal,True,0.0,,179.0,1.0,1.0,32,32,32,32,1.0,5.5
I,1110,9,8,1.0,137,factorial,Optimal,True,0.0,,175.0,1.0,1.0,32,32,32,32,1.0,2.5
I,300,3,4,2.0,42,factorial,Optimal,True,0.0,,15.0,0.25,1.0,4,16,16,16,0.125,0.1
I,300,3,4,2.0,99,factorial,Optimal,True,0.0,,34.0,0.5,1.0,8,16,16,16,0.25,0.4
I,300,3,4,2.0,314,factorial,Optimal,True,0.0,,20.0,0.25,1.0,4,16,16,16,0.125,0.2
I,300,3,4,2.0,7,factorial,Optimal,True,0.0,,51.0,0.5,1.0,8,16,16,16,0.25,0.3
I,300,3,4,2.0,21,factorial,Optimal,True,0.0,,30.0,0.25,1.0,4,16,16,16,0.125,0.2
I,300,3,4,2.0,137,factorial,Optimal,True,0.0,,0.0,0.0,1.0,0,16,16,16,0.0,0.2
I,300,3,8,1.0,42,factorial,Optimal,True,0.0,,88.0,0.5,1.0,16,32,32,32,0.5,2.4
I,300,3,8,1.0,99,factorial,Optimal,True,0.0,,148.0,0.75,1.0,24,32,32,32,0.75,3.1
I,300,3,8,1.0,314,factorial,Optimal,True,0.0,,139.0,0.75,1.0,24,32,32,32,0.75,5.9
I,300,3,8,1.0,7,factorial,Optimal,True,0.0,,32.0,0.25,1.0,8,32,32,32,0.25,1.4
I,300,3,8,1.0,21,factorial,Optimal,True,0.0,,78.0,0.5,1.0,16,32,32,32,0.5,1.6
I,300,3,8,1.0,137,factorial,Optimal,True,0.0,,175.0,1.0,1.0,32,32,32,32,1.0,5.9
